,x_val,y_val
0,0.0,0.0
1,10.0,0.9510565162951535
2,20.0,0.5877852522924732
3,30.0,-0.5877852522924727
4,43.0,-0.7705132427757896
5,50.0,-2.4492935982947064e-16
